"cohort_month","cohort_index","active_customers","total_revenue"
"2009-12",0,953,782763.26
"2009-12",1,337,466429.78
"2009-12",2,320,321646.24
"2009-12",3,405,488822.49
"2009-12",4,364,389749.56
"2009-12",5,342,353427.64
"2009-12",6,359,410772.0
"2009-12",7,328,366900.17
"2009-12",8,321,410223.58
"2009-12",9,346,466598.31
"2009-12",10,402,571225.19
"2009-12",11,474,809067.0
"2009-12",12,359,872332.04
"2009-12",13,268,349968.13
"2009-12",14,231,274987.63
"2009-12",15,288,365741.27
"2009-12",16,251,228025.5
"2009-12",17,287,374735.5
"2009-12",18,270,358239.12
"2009-12",19,249,370846.73
"2009-12",20,242,373525.96
"2009-12",21,301,473754.08
"2009-12",22,290,497820.67
"2009-12",23,388,774398.6
"2009-12",24,189,273040.81
"2010-01",0,383,160674.2
"2010-01",1,78,37753.65
"2010-01",2,119,51005.06
"2010-01",3,116,56238.01
"2010-01",4,101,58457.16
"2010-01",5,114,51265.75
"2010-01",6,99,51235.64
"2010-01",7,88,46025.04
"2010-01",8,107,58612.78
"2010-01",9,122,72443.72
"2010-01",10,115,76227.28
"2010-01",11,64,50998.84
"2010-01",12,85,42093.92
"2010-01",13,69,34928.38
"2010-01",14,73,46882.15
"2010-01",15,59,31381.28
"2010-01",16,91,48713.39
"2010-01",17,77,41006.95
"2010-01",18,71,46600.47
"2010-01",19,75,40603.28
"2010-01",20,93,58325.31
"2010-01",21,74,57727.16
"2010-01",22,94,58715.02
"2010-01",23,22,8825.86
"2010-02",0,375,170842.88
"2010-02",1,89,33367.18
"2010-02",2,85,54933.1
"2010-02",3,108,53021.52
"2010-02",4,92,43923.74
"2010-02",5,75,39184.48
"2010-02",6,71,39956.34
"2010-02",7,106,51113.43
"2010-02",8,95,53038.3
"2010-02",9,102,54568.54
"2010-02",10,43,36729.16
"2010-02",11,47,19176.47
"2010-02",12,56,27655.15
"2010-02",13,65,34509.66
"2010-02",14,46,20756.16
"2010-02",15,74,37853.69
"2010-02",16,59,29072.13
"2010-02",17,60,33181.06
"2010-02",18,55,25415.49
"2010-02",19,85,45391.34
"2010-02",20,86,46046.54
"2010-02",21,61,36908.17
"2010-02",22,22,11147.57
"2010-03",0,442,228124.29
"2010-03",1,84,46743.21
"2010-03",2,102,49460.31
"2010-03",3,107,59635.59
"2010-03",4,102,50135.16
"2010-03",5,90,53455.2
"2010-03",6,109,64349.65
"2010-03",7,134,75861.13
"2010-03",8,120,68902.17
"2010-03",9,47,29706.58
"2010-03",10,50,24429.49
"2010-03",11,63,30026.29
"2010-03",12,89,42582.07
"2010-03",13,72,41978.57
"2010-03",14,89,47199.32
"2010-03",15,74,31224.73
"2010-03",16,77,41587.04
"2010-03",17,69,50034.4
"2010-03",18,78,47470.24
"2010-03",19,89,57506.93
"2010-03",20,94,61142.44
"2010-03",21,35,16260.24
"2010-04",0,292,123475.69
"2010-04",1,57,19036.35
"2010-04",2,57,20324.24
"2010-04",3,48,30117.85
"2010-04",4,54,21444.76
"2010-04",5,66,30846.57
"2010-04",6,81,35241.4
"2010-04",7,77,32775.0
"2010-04",8,31,15337.2
"2010-04",9,32,16862.72
"2010-04",10,21,6119.09
"2010-04",11,41,16452.12
"2010-04",12,41,21437.75
"2010-04",13,46,22733.14
"2010-04",14,46,16795.42
"2010-04",15,46,22044.17
"2010-04",16,41,16624.39
"2010-04",17,43,18911.35
"2010-04",18,53,32088.93
"2010-04",19,66,30021.6
"2010-04",20,17,4942.97
"2010-05",0,254,99442.42
"2010-05",1,40,13674.35
"2010-05",2,43,14181.6
"2010-05",3,44,12853.18
"2010-05",4,45,16861.31
"2010-05",5,65,31325.86
"2010-05",6,54,23404.49
"2010-05",7,32,13774.49
"2010-05",8,15,5883.27
"2010-05",9,21,7238.21
"2010-05",10,29,9274.83
"2010-05",11,34,13204.96
"2010-05",12,39,17426.6
"2010-05",13,39,18105.5
"2010-05",14,25,10314.72
"2010-05",15,32,14716.95
"2010-05",16,35,22223.68
"2010-05",17,42,17739.15
"2010-05",18,39,15937.99
"2010-05",19,12,3422.64
"2010-06",0,267,117757.21
"2010-06",1,47,16117.36
"2010-06",2,51,22606.3
"2010-06",3,55,24153.02
"2010-06",4,62,34038.97
"2010-06",5,77,47570.53
"2010-06",6,34,25117.59
"2010-06",7,24,16962.43
"2010-06",8,22,22850.41
"2010-06",9,32,27940.06
"2010-06",10,29,11877.15
"2010-06",11,37,28186.12
"2010-06",12,40,39929.29
"2010-06",13,33,15793.52
"2010-06",14,30,45114.32
"2010-06",15,33,17086.4
"2010-06",16,36,38170.1
"2010-06",17,55,26107.93
"2010-06",18,14,4462.42
"2010-07",0,186,75377.76
"2010-07",1,29,8396.9
"2010-07",2,34,13809.39
"2010-07",3,55,25007.65
"2010-07",4,54,28923.3
"2010-07",5,26,15837.27
"2010-07",6,21,9118.8
"2010-07",7,27,10521.4
"2010-07",8,27,10426.58
"2010-07",9,21,9996.37
"2010-07",10,25,9201.44
"2010-07",11,27,12655.11
"2010-07",12,25,12311.72
"2010-07",13,25,14324.67
"2010-07",14,36,15787.5
"2010-07",15,32,15717.63
"2010-07",16,44,22697.12
"2010-07",17,15,7183.3
"2010-08",0,162,61158.84
"2010-08",1,33,13829.9
"2010-08",2,48,23148.76
"2010-08",3,52,23544.82
"2010-08",4,28,22405.55
"2010-08",5,19,5432.59
"2010-08",6,16,5307.13
"2010-08",7,20,7288.02
"2010-08",8,22,9863.43
"2010-08",9,20,6743.21
"2010-08",10,21,7274.44
"2010-08",11,20,7015.2
"2010-08",12,25,11227.05
"2010-08",13,30,18423.71
"2010-08",14,29,19568.92
"2010-08",15,32,19852.74
"2010-08",16,11,5620.11
"2010-09",0,240,119047.09
"2010-09",1,54,26534.08
"2010-09",2,56,31676.04
"2010-09",3,30,21548.17
"2010-09",4,22,13460.98
"2010-09",5,24,8292.17
"2010-09",6,32,23708.09
"2010-09",7,24,10868.03
"2010-09",8,31,16600.81
"2010-09",9,32,13422.73
"2010-09",10,28,19973.85
"2010-09",11,24,24926.76
"2010-09",12,53,62399.96
"2010-09",13,40,25522.12
"2010-09",14,39,36624.13
"2010-09",15,13,5552.91
"2010-10",0,377,181675.69
"2010-10",1,97,45373.08
"2010-10",2,55,29171.44
"2010-10",3,47,24316.99
"2010-10",4,34,12942.12
"2010-10",5,32,12544.44
"2010-10",6,49,17664.69
"2010-10",7,52,16100.83
"2010-10",8,40,21666.02
"2010-10",9,35,19520.94
"2010-10",10,40,13741.54
"2010-10",11,49,21166.43
"2010-10",12,71,48325.11
"2010-10",13,86,52917.45
"2010-10",14,26,10554.02
"2010-11",0,326,154366.45
"2010-11",1,56,36613.93
"2010-11",2,30,14254.84
"2010-11",3,31,9662.91
"2010-11",4,25,9548.95
"2010-11",5,28,10703.73
"2010-11",6,41,14906.7
"2010-11",7,32,10966.19
"2010-11",8,28,9639.21
"2010-11",9,29,10224.17
"2010-11",10,36,14846.86
"2010-11",11,47,19912.34
"2010-11",12,83,40452.24
"2010-11",13,20,6395.18
"2010-12",0,76,40468.33
"2010-12",1,7,2346.67
"2010-12",2,4,7007.27
"2010-12",3,7,1443.48
"2010-12",4,9,6148.32
"2010-12",5,5,1069.23
"2010-12",6,4,730.12
"2010-12",7,7,4857.24
"2010-12",8,4,601.09
"2010-12",9,2,500.83
"2010-12",10,7,1637.09
"2010-12",11,15,8686.91
"2010-12",12,2,485.13
"2011-01",0,70,27993.74
"2011-01",1,12,3784.08
"2011-01",2,15,3991.63
"2011-01",3,13,4929.98
"2011-01",4,15,8078.03
"2011-01",5,11,6446.85
"2011-01",6,11,5115.9
"2011-01",7,9,5545.55
"2011-01",8,8,4506.13
"2011-01",9,15,11442.4
"2011-01",10,18,10510.28
"2011-01",11,8,3627.79
"2011-02",0,125,42382.73
"2011-02",1,20,7242.01
"2011-02",2,19,10587.8
"2011-02",3,23,10407.91
"2011-02",4,27,9244.71
"2011-02",5,19,5561.99
"2011-02",6,19,7229.97
"2011-02",7,18,9198.62
"2011-02",8,18,6335.62
"2011-02",9,21,6604.67
"2011-02",10,7,1612.37
"2011-03",0,179,76803.61
"2011-03",1,33,15403.94
"2011-03",2,39,19314.54
"2011-03",3,36,16225.27
"2011-03",4,40,16396.9
"2011-03",5,27,10581.71
"2011-03",6,36,14085.35
"2011-03",7,36,17712.05
"2011-03",8,43,20374.78
"2011-03",9,16,5629.03
"2011-04",0,106,41160.58
"2011-04",1,27,13386.42
"2011-04",2,21,7728.63
"2011-04",3,21,7254.07
"2011-04",4,19,5794.67
"2011-04",5,25,11215.66
"2011-04",6,19,6156.78
"2011-04",7,27,11452.12
"2011-04",8,12,3924.77
"2011-05",0,109,50657.4
"2011-05",1,26,9336.7
"2011-05",2,27,10377.22
"2011-05",3,18,6448.99
"2011-05",4,24,10577.4
"2011-05",5,23,10492.46
"2011-05",6,29,14252.12
"2011-05",7,12,4197.27
"2011-06",0,108,83815.28
"2011-06",1,25,8974.92
"2011-06",2,23,7899.14
"2011-06",3,29,10730.01
"2011-06",4,22,9856.23
"2011-06",5,31,14520.42
"2011-06",6,9,2485.21
"2011-07",0,101,42689.56
"2011-07",1,22,7644.76
"2011-07",2,31,11520.85
"2011-07",3,28,12267.69
"2011-07",4,34,14607.62
"2011-07",5,16,4528.84
"2011-08",0,106,45060.08
"2011-08",1,28,17853.31
"2011-08",2,33,31427.93
"2011-08",3,28,40050.63
"2011-08",4,18,13965.72
"2011-09",0,190,97030.55
"2011-09",1,51,19822.36
"2011-09",2,71,31425.96
"2011-09",3,28,10245.79
"2011-10",0,220,107827.69
"2011-10",1,71,33768.66
"2011-10",2,35,9882.57
"2011-11",0,191,81260.19
"2011-11",1,26,10183.97
"2011-12",0,27,9591.89
